{
  "assetsByChunkName": {
    "vendors~app-account~app-confirmation~app-order": "chunk.f19bcac6fbfbe7c0dcf2.js",
    "vendors~app-account~app-checkout": "chunk.27c8ed45a7a183fa6f95.js",
    "vendors~app-cart~app-checkout": "chunk.3c0e30cd94af81d53d75.js",
    "admin": [
      "admin.9be48221fa0e0bb636d5.js",
      "admin.9be48221fa0e0bb636d5.js.map"
    ],
    "app-account": "chunk.0ec8a496d7d559341c1b.js",
    "app-checkout": "chunk.b4da59229534af57f9c4.js",
    "app-confirmation": "chunk.8dbe13d851af8145a7b1.js",
    "checkout": [
      "checkout.51fb61ed1657b081d5d1.js",
      "checkout.51fb61ed1657b081d5d1.js.map"
    ],
    "storefront": [
      "storefront.91a9dfedae4c11ec3fa3.css",
      "storefront.5381090f5b9fc17eccf4.js",
      "storefront.91a9dfedae4c11ec3fa3.css.map",
      "storefront.5381090f5b9fc17eccf4.js.map"
    ],
    "vendors~app-cart": "chunk.694b7df0510303c28061.js",
    "vendors~app-order": "chunk.83654ec1489729a85699.js"
  }
}