{
  "meta_title": "Gold Detectores",
  "meta_description": "",
  "sections": [
    {
      "type": "banner-slider",
      "autoplay": 9000,
      "full_width": false,
      "slides": [
        {
          "start": "",
          "end": "",
          "img": "/img/uploads/post-para-supermercado-e-hortifruti-divulgacao-promocao-produto-2732-800-px-.jpg",
          "alt": "Banner sample two",
          "mobile_img": "/img/uploads/gpx-6000.jpg"
        }
      ]
    },
    {
      "type": "info-bar",
      "enabled": true
    },
    {
      "type": "dynamic-showcase",
      "load_more": true,
      "sort": "views"
    },
    {
      "type": "page-title",
      "title": "",
      "description": ""
    }
  ]
}